<manifest><control namespace="InputFieldToggleToChange" constructor="InputFieldToggleToChange" version="0.0.2" display-name-key="InputFieldToggleToChange" description-key="InputFieldToggleToChange description" control-type="standard" api-version="1.3.12"><property name="pToggle" display-name-key="Toggle" description-key="Toggle um Ja oder Nein auszuwählen" of-type="TwoOptions" usage="bound" required="true" /><property name="pBackgroundColor" display-name-key="Background-Color" description-key="Geben Sie die gewünschte Hintergrundfarbe im folgenden Format an: rgb(xxx,xxx,xxx)" of-type="SingleLine.Text" usage="input" required="true" /><resources><code path="bundle.js" order="1" /><css path="style.css" order="1" /></resources><built-by name="pac" version="1.31.2" /></control></manifest>