<manifest><control namespace="InputDateFieldColorChange" constructor="InputDateFieldToChange" version="0.0.4" display-name-key="InputDateFieldToChange" description-key="InputDateFieldToChange description" control-type="standard" api-version="1.3.11"><external-service-usage enabled="false" /><property name="InputDateFieldToChange" display-name-key="InputDateFieldToChange_Display_Key" description-key="Change Background Colour" of-type="DateAndTime.DateOnly" usage="bound" required="true" /><property name="ColorInRGB" display-name-key="ColorInRGB_Display_Key" description-key="Enter Color in rgb(zzz,yyy,xxx)" of-type="SingleLine.Text" usage="input" required="true" /><resources><code path="bundle.js" order="1" /><css path="styles.css" order="1" /></resources><built-by name="pac" version="1.31.2" /></control></manifest>